链接,标题,日期
http://chuansong.me/n/2862357151020,下班回家，总看见老婆对着电视机说话。。。,2019-03-18
http://chuansong.me/n/2862357251016,价值5000万的羊毛长什么样子？,2019-03-18
http://chuansong.me/n/2862357351024,看过这些大佬的套路，我发现淘宝的卖家秀都弱爆了！,2019-03-18
http://chuansong.me/n/2862357451021,中国口香糖销量下降30%，竟然和微信有关？,2019-03-18
http://chuansong.me/n/2862357551022,春天到了，朋友圈里的卖茶女又开始采茶了。。。,2019-03-18
http://chuansong.me/n/2862357651023,今日最佳：说出来你可能不信，我喝水喝瞎了。。。,2019-03-18
http://chuansong.me/n/2862357751054,苹果发布两款新品，美团饿了么回应偷听不存在，小米黑鲨手机2发布，英国监狱教囚犯编程，这就是今天的其他大新闻！,2019-03-18
http://chuansong.me/n/2860299351063,失事波音737黑匣子数据破解完成，男子cos绫波丽行窃被捕，广州地铁致歉，蛋壳公寓回应死人赔得起言论，这就是今天的其他大新闻！,2019-03-17
http://chuansong.me/n/2860299451018,今日最佳：亲儿子也不如沙雕网友。。。,2019-03-17
http://chuansong.me/n/2860299551024,自己骗自己的最高境界是什么？日本沙雕发明告诉你！,2019-03-16
http://chuansong.me/n/2860299651013,比马桶堵了更可怕的是什么？,2019-03-16
http://chuansong.me/n/2860299751017,你永远都不知道自己是什么味道的。。,2019-03-16
http://chuansong.me/n/2860299851024,今日最佳：小屁孩，你这样长大了会找不到女朋友。。,2019-03-16
http://chuansong.me/n/2860299951064,全国首例远程人体手术完成，A站注销哔哩哔哩成人用品商标，工信部严查通信违规，Epic回应抓Steam数据，这就是今天的其他大新闻,2019-03-16
http://chuansong.me/n/2856975151911,小红书，伪装你的生活。,2019-03-15
http://chuansong.me/n/2856975251923,高于市场价10倍的苹果智能音箱，收没收智商税？,2019-03-15
http://chuansong.me/n/2856975351920,安卓最新10.0系统，新增功能都在这了！,2019-03-15
http://chuansong.me/n/2856975451914,来，是勇士就来拯救这个男人！,2019-03-15
http://chuansong.me/n/2856975551918,今日最佳：微软，求求你放过我吧。。。,2019-03-15
http://chuansong.me/n/2856975651962,淘宝可以先用后付款，特斯拉新车起价3.9万美元，3・15曝光智能骚扰电话产业链、电子烟雾甲醛含量高，这就是今天的其他大新闻！,2019-03-15
http://chuansong.me/n/2856975751026,年轻人一夜之间全变“赌狗”，就因为一款像麻将的游戏。,2019-03-14
http://chuansong.me/n/2856975851022,使用这个表情包制作工具，斗图再也没输过。。。,2019-03-14
http://chuansong.me/n/2856975951033,故宫博物院、NASA，全球23个国家110多个机构和他做这次联名！,2019-03-14
http://chuansong.me/n/2856976051028,18年没有变化过的充电宝，这次升级成了“7合1”的形态。,2019-03-14
http://chuansong.me/n/2856976151018,今日最佳：用外挂来反外挂，逻辑鬼才！,2019-03-14
http://chuansong.me/n/2856976251064,圆周率计算再破纪录，斗鱼否认看刀塔2联赛需办卡，小红书回应“代写产业链”，特斯拉Model\\xa0Y明早发布，这就是今天的其他大新闻！,2019-03-14
http://chuansong.me/n/2856976351022,换块电池就能解决的问题，为什么还要插线充呢？,2019-03-13
http://chuansong.me/n/2856976451025,面对7.73亿的数据泄露，怎样保护自己的账号安全？,2019-03-13
http://chuansong.me/n/2856976551031,撞机、落网、掉水里，超高的报废率才是无人机竞速赛的速度与激情。,2019-03-13
http://chuansong.me/n/2856976651017,所有手机充电的正确姿势都在这里了。,2019-03-13
http://chuansong.me/n/2856976751013,今日最佳：谷歌真的很严格。,2019-03-13
http://chuansong.me/n/2856976851063,百度3C维修保障计划升级，《绝地求生》公司出新作，ofo否认发布大量招聘岗位，五车企召回15万辆汽车，这就是今天的其他大新闻！,2019-03-13
http://chuansong.me/n/2852925351030,你肯定不知道，网红开淘宝店一年能卖10亿，卖到美股上市。。。,2019-03-12
http://chuansong.me/n/2852925451022,为了睡个好觉，我把20000块的床垫全拆了！,2019-03-12
http://chuansong.me/n/2852925551026,这几个老外大汉骚起来，让你知道什么是真正的行为艺术！,2019-03-12
http://chuansong.me/n/2852925651014,为什么从ATM里抢钱这么难？,2019-03-12
http://chuansong.me/n/2852925751025,当我把“吸尘器”倒过来，他居然就变成了“吹风棒”。,2019-03-12
http://chuansong.me/n/2852925851016,今日最佳：公司新买的跑步机。。。,2019-03-12
http://chuansong.me/n/2852925951060,苹果3月26日召开发布会，应用宝封禁多闪，男子微博传不雅视频被拘留，软银再向滴滴投资16亿美元，这就是今天的其他大新闻！,2019-03-12
http://chuansong.me/n/2850759351431,造成今日157人遇难的波音737\\xa0MAX，半年前就坠毁一次了？,2019-03-11
http://chuansong.me/n/2850759451424,看遍了网上的夸夸群，我发现舔狗即将应有尽有。。。,2019-03-11
http://chuansong.me/n/2850759551420,在你下次买机票之前，建议先看下这篇文章。,2019-03-11
http://chuansong.me/n/2850759651423,在淘宝逛了5家博物馆，我的钱包被“偷”了。。。,2019-03-11
http://chuansong.me/n/2850759751423,今日最佳：下次去北京旅游，可以到这个地方打卡。,2019-03-11
http://chuansong.me/n/2850759851464,携程再陷大数据杀熟风波，OPPO公布全新产品系列，特斯拉全球价格将涨3%，阿里巴巴46.6亿元入股申通，这就是今天的其他大新闻！,2019-03-11
http://chuansong.me/n/2848478851063,桔子酒店为营销推送道歉，转转平台卖家兜售违法物品\\xa0，腾讯推出微信公众号直播，直播提案禁止未成年人涉足，这就是今天的其他大新闻！,2019-03-10
http://chuansong.me/n/2848478951017,今日最佳：监狱主题无窗房了解一下？,2019-03-10
http://chuansong.me/n/2848479051020,传说中的日内瓦车展，都有些啥新奇玩意儿？,2019-03-09
http://chuansong.me/n/2848479151026,他们在手表里塞了24个马达，只为盲人能上用智能手表。,2019-03-09
http://chuansong.me/n/2848479251018,那些大牌凭什么把行李箱卖到三万以上？,2019-03-09
http://chuansong.me/n/2848479351019,今日最佳：泰国电视剧也太变态了吧。。。,2019-03-09
http://chuansong.me/n/2848479451051,高通要求苹果赔偿2亿，三星半导体营收暴跌20%，黑客坐飞机途中黑掉飞机娱乐系统，这就是今天的其它大新闻,2019-03-09
http://chuansong.me/n/2848479551010,熊猫直播是怎么凉的？,2019-03-08
http://chuansong.me/n/2848479651012,恭喜你，获得淘宝百万大奖,2019-03-08
http://chuansong.me/n/2848479751020,看了这么多视频，原来这种最容易引起舒适。,2019-03-08
http://chuansong.me/n/2848479851014,作为一棵树，骚得超纲了。。。,2019-03-08
http://chuansong.me/n/2848479951015,今日最佳：好“惨”的老师。。。,2019-03-08
http://chuansong.me/n/2848480051063,微信好物圈公开测试\\xa0，微信发布违禁品处理方案，中国驻外使领馆开通支付宝，抖音屏蔽《王者荣耀》腾讯回应，这就是今天的其他大新闻！,2019-03-08
http://chuansong.me/n/2844922551024,“接到校园贷逼债电话的晚上，我真的想去跳黄河。”,2019-03-07
http://chuansong.me/n/2844922651019,面试官说我仪容不整，我说你等我三分钟！,2019-03-07
http://chuansong.me/n/2844922751029,?μ?è??é?3?1??¤????Michael?\\xa0Jackson??ˉ?|????è￠??°”?′???????,2019-03-07
http://chuansong.me/n/2844922851019,?・2???150?2?????…??′\\xa0?‘¨???è?¨???è????￥è??é…・?o???,2019-03-07
http://chuansong.me/n/2844922951019,??o?”ˉ?’‘?’???¤é￠????è???‰???ˉ??¤é￠????èˉ￥??‰????\\xa0・?\\xad???,2019-03-07
http://chuansong.me/n/2844923051022,????―￥????3????o?????o???￥?o?????‰??°?è??????Cèo?è?￥é”é???‰????,2019-03-07
http://chuansong.me/n/2844923151063,?????|?????????????o|???èμ?è‘￡?o????Labo?\\xa0VR?￥―è￡…?°???‘?”??????‘é￡?è?・??????1′?\\xad¤??????”1??C??????é―2é±??¤??oo?”???C?|??§‘?￡??￥è§?é￠‘???è???°±??ˉ????¤?????…???C?¤§?C°é―????,2019-03-07
http://chuansong.me/n/2842052451017,?¨??o??‘??¤§???è?・???????¤??¤??????‘é…??o???????,2019-03-06
http://chuansong.me/n/2842052551023,??è′μ???è???¤??13??°????o?????ˉ?èˉ′????￥èˉ???―è?±2??―é’±??????,2019-03-06
http://chuansong.me/n/2842052651024,è????a???????°??¨??o????è????\\xa0???????”??°?????§’????”μ??±?μ・??￥?¤§??????,2019-03-06
http://chuansong.me/n/2842052751018,????―￥????3???è?????????o\\xad???????¤a????\\xa0??o???????,2019-03-06
http://chuansong.me/n/2842052851053,è???¤??????C?・2è§￡??￡????μ・?…3????o”Model3?‰￡??????????????′?’\\xad??\\xa0?\\xa0′?o§?±?é?????????2a?±?????o”è￡??‘?é￡??3￠???è???°±??ˉ????¤?????…???C?¤§?C°é―????,2019-03-06
http://chuansong.me/n/2842052951630,??‘???????o?è???‰1?Cˉ??‰Model?\\xa03???è?????è?a?・±??¨é??è・ˉ??????o?????°??―????,2019-03-05
http://chuansong.me/n/2842053051623,????\\xad???￠??°????aa??????a??ˉa?????￥3?￥???′èˉ′?￥1??3è|?è????a??????,2019-03-05
http://chuansong.me/n/2842053151618,有了这只手，你就可以隔空取物了。。。,2019-03-05
http://chuansong.me/n/2842053251626,复制这串链接到电脑上，立刻开始修（mō）仙（yú）！,2019-03-05
http://chuansong.me/n/2842053351627,一款补妆镜爆火后，让人们看到了普通人和网红自拍的差距。,2019-03-05
http://chuansong.me/n/2842053451614,今日最佳：这才叫做恰到好处！,2019-03-05
http://chuansong.me/n/2842053551661,褚橙创始人褚时健去世，微信上线“好物圈”功能，手机自由“携号转网”年底前将实现，方正澄清诉赔事件，这就是今天的其他大新闻！,2019-03-05
http://chuansong.me/n/2842053651023,哈？！做车的比亚迪居然是世界第二大手机代工厂？,2019-03-04
http://chuansong.me/n/2842053751019,你见过比钢铁侠还骚的“乐高机械臂”吗？,2019-03-04
http://chuansong.me/n/2842053851028,giao哥遇上赛博朋克，世界上另一个次元的表情包诞生了。,2019-03-04
http://chuansong.me/n/2842053951019,外国人治疗脱发的姿势，越来越骚了。。。,2019-03-04
http://chuansong.me/n/2842054051014,今日最佳：美少女战士长大后。,2019-03-04
http://chuansong.me/n/2842054151064,QQ下一版本将实现注销功能，苏宁易购10亿元以旧换新，腾讯入围竞购韩国NEXON，魅族zero众筹失败，这就是今天的其他大新闻！,2019-03-04
http://chuansong.me/n/2837271751022,那晚，网络陪玩在话筒里对我说：KKP吗帅哥？,2019-03-03
http://chuansong.me/n/2837271851028,在网上怼天怼地，现实中却连婉拒Tony老师的勇气都没有。,2019-03-03
http://chuansong.me/n/2837271951015,火锅不在的日子里，如何云撸狗？,2019-03-03
http://chuansong.me/n/2837272051022,今日最佳：如何成为孩子家长群里最靓的那个妈？,2019-03-03
http://chuansong.me/n/2837272151059,微信回应误翻译事件，快手日均清理违规视频万余条，德普指控前妻出轨马斯克，雷军承诺小米9供货量，这就是今天的其他大新闻！,2019-03-03
http://chuansong.me/n/2837272251014,吃鸡一时爽，一直吃鸡一直爽！,2019-03-02
http://chuansong.me/n/2837272351019,你肯定想不到，有些肥宅在家时有多精致。,2019-03-02
http://chuansong.me/n/2837272451014,今日最佳：优秀手机壁纸示范。,2019-03-02
http://chuansong.me/n/2837272551060,特斯拉回应降价措施，ofo回应推折扣商城，苹果2019股东大会召开，FB起诉4家位于中国的公司，这就是今天的其他大新闻！,2019-03-02
http://chuansong.me/n/2834840051023,这台手机，跟它发布会上的CG一样炸裂！（破音）,2019-03-01
http://chuansong.me/n/2834840151018,每一个灵魂画手都缺少一位艺术家父亲。,2019-03-01
http://chuansong.me/n/2834840251027,美国已经提前用上5G了？网友：运营商的骚，闪了我的腰！,2019-03-01
http://chuansong.me/n/2834840351010,今日最佳：硬核寝室。,2019-03-01
http://chuansong.me/n/2834840451053,特斯拉大幅降价，任天堂公布诱人待遇，腾讯注册成立企业管理公司，林俊杰组建吃鸡战队，这就是今天的其他大新闻！,2019-03-01
http://chuansong.me/n/2833068751319,阿里巴巴开始“死磕”你朋友圈的谣言了！,2019-02-28
http://chuansong.me/n/2833068851319,这是一款软件可以给人脱衣服的软件。。。,2019-02-28
http://chuansong.me/n/2833068951315,拆弹专家玩拆弹游戏是什么样的？,2019-02-28
http://chuansong.me/n/2833069051322,多年没用的双面胶，怎么突然在抖音上火了。。。,2019-02-28
http://chuansong.me/n/2833069151324,今日最佳：你永远不知道新闻背景是真实还是虚构的！,2019-02-28
http://chuansong.me/n/2833069251363,腾讯将严打微信跑分，《流浪地球》辟谣授权手游，罗永浩退出聊天宝股东，《精灵宝可梦剑/盾》游戏图片公布，这就是今天的其他大新闻！,2019-02-28
http://chuansong.me/n/2831301451018,试过5G手机之后，我觉得它牛X炸了！,2019-02-27
http://chuansong.me/n/2831301551019,当微软硬核起来之后，一个能打的都没有！,2019-02-27
http://chuansong.me/n/2831301651025,别说给朱茵视频换成杨幂的脸，程序员连猫的脸都能换！,2019-02-27
http://chuansong.me/n/2831301751022,星巴克的“猫爪杯”，让我朋友圈炸开了锅。。。,2019-02-27
http://chuansong.me/n/2831301851016,今日最佳：离婚证是干什么用的呢？,2019-02-27
http://chuansong.me/n/2831301951058,淘宝回应连衣裙客单价事件，网传人人车发奇葩通知，腾讯回函中消协，百度地图上线MOSS语音包，这就是今天的其他大新闻！,2019-02-27
http://chuansong.me/n/2829495751010,如何一年白赚50万？,2019-02-26
http://chuansong.me/n/2829495851022,你永远不知道自己会在成人网站上看到什么。。。,2019-02-26
http://chuansong.me/n/2829495951027,索尼出的这根表带，可比Apple\\xa0Watch有趣多了！,2019-02-26
http://chuansong.me/n/2829496051017,这台童年时光机，圆了小时候的梦想。,2019-02-26
http://chuansong.me/n/2829496151023,今日最佳：武汉大学新生辩论赛队名又出来了。。。,2019-02-26
http://chuansong.me/n/2829496251064,2018年全球App营收榜公布，索尼新机亮相MWC，“央行停止印钞”被辟谣，多闪iOS下载量超500万，这就是今天的其他大新闻！,2019-02-26
http://chuansong.me/n/2827743751017,卖手机的厂商，一夜之间全都折叠了？,2019-02-25
http://chuansong.me/n/2827743851011,诺基亚转行卖加特林了？,2019-02-25
http://chuansong.me/n/2827743951015,车牌上可以合法放Emoji了！,2019-02-25
http://chuansong.me/n/2827744051019,如何花10亿美元研发一款有效的抗癌药？,2019-02-25
http://chuansong.me/n/2827744151017,今日最佳：如何判断程序员在做什么？,2019-02-25
